,age,frequency
0,6.0,0.09090909090909091
1,6.4,0.2727272727272727
2,6.8,0.2727272727272727
3,7.2,0.18181818181818182
4,7.6,0.18181818181818182
